https://kcnawatch.org/newstream/1451911985-285363959/%eb%a1%9c%eb%8f%99%ec%8b%a0%eb%ac%b8-%ec%9a%b0%eb%a6%ac%ec%9d%98-%ed%95%b5%ec%96%b5%ec%a0%9c%eb%a0%a5%ea%b0%95%ed%99%94%eb%8a%94-%ec%a0%95%eb%8b%b9%eb%b0%a9%ec%9c%84%ec%a1%b0%ec%b9%98,
https://kcnawatch.org/newstream/1451912215-94012870/%ec%a1%b0%ec%84%a0%ec%a4%91%ec%95%99%ed%86%b5%ec%8b%a0-%eb%a1%a0%ed%8f%89-%ea%b5%ad%ec%a0%9c%ec%a0%81%ec%9d%b8-%ed%95%b5%ec%a0%84%ed%8c%8c%eb%b0%a9%ec%a7%80%eb%85%b8%eb%a0%a5%ec%97%90-%eb%8c%80,
https://kcnawatch.org/newstream/1451912085-432282067/%eb%a1%9c%eb%8f%99%ec%8b%a0%eb%ac%b8-%e3%80%8a%ec%8b%a0%eb%a2%b0%ec%a0%81%ec%9d%b8-%ec%8b%a4%ec%b2%9c%ed%96%89%eb%8f%99%ec%9d%b4-%ed%95%84%ec%9a%94%ed%95%98%eb%8b%a4%e3%80%8b,
https://kcnawatch.org/newstream/1451913723-92820928/%eb%a1%9c%eb%8f%99%ec%8b%a0%eb%ac%b8-%e3%80%8a%ec%b1%85%ec%9e%84%ec%9d%84-%eb%aa%a8%eb%a9%b4%ed%95%98%ea%b8%b0-%ec%9c%84%ed%95%9c-%ec%83%9d%ec%96%b5%ec%a7%80%e3%80%8b-%e3%80%8a%ed%95%b5%ec%9c%84,
https://kcnawatch.org/newstream/1451913737-213561068/%eb%a1%9c%eb%8f%99%ec%8b%a0%eb%ac%b8-%e3%80%8a%ed%8f%89%ed%99%94%ec%a0%81%ed%95%b5%ed%99%9c%eb%8f%99%ea%b6%8c%eb%a6%ac%eb%a5%bc-%ec%a0%88%eb%8c%80%eb%a1%9c-%ed%8f%ac%ea%b8%b0%ed%95%a0%ec%88%98,
https://kcnawatch.org/newstream/1451915432-567424124/%eb%a1%9c%eb%8f%99%ec%8b%a0%eb%ac%b8-%e3%80%8a%eb%b0%b1%eb%91%90%ec%9d%98-%ec%84%a0%ea%b5%b0%ec%a0%84%ed%86%b5%ec%9d%84-%ea%b3%84%ec%8a%b9%ed%95%9c-%ec%a1%b0%ec%84%a0%ec%9d%b8%eb%af%bc%ea%b5%b0,
https://kcnawatch.org/newstream/1452058173-983528564/%eb%a1%9c%eb%8f%99%ec%8b%a0%eb%ac%b8-%ec%a1%b0%ec%84%a0%eb%b0%98%eb%8f%84-%eb%b9%84%ed%95%b5%ed%99%94%eb%8a%94-%ec%a1%b0%ec%84%a0%ec%9d%98-%ea%b5%b0%eb%8c%80%ec%99%80-%ec%9d%b8%eb%af%bc%ec%9d%98,
https://kcnawatch.org/newstream/1452058669-847010120/%c2%b7%ec%a1%b0%ec%84%a0%ec%a4%91%ec%95%99%ed%86%b5%ec%8b%a0%ec%82%ac-%eb%a1%a0%ed%8f%89-%ec%9a%b0%eb%a6%ac%ec%9d%98-%ec%9e%90%ec%9c%84%ec%a0%81%ea%b6%8c%eb%a6%ac%eb%8a%94-%ec%a0%88%eb%8c%80%eb%b6%88,
https://kcnawatch.org/newstream/1458828413-383960666/%c2%b7%ec%a1%b0%ec%84%a0%eb%b2%95%eb%a5%a0%ea%b0%80%ec%9c%84-%ec%a1%b0%eb%af%b8%ed%8f%89%ed%99%94%ed%98%91%ec%a0%95%ec%b2%b4%ea%b2%b0%ec%9d%84-%ec%99%b8%eb%a9%b4%ed%95%98%eb%8a%94-%eb%af%b8%ea%b5%ad,
https://kcnawatch.org/newstream/1648444220-622202062/%ec%a1%b0%ea%b5%ad%ed%86%b5%ec%9d%bc%ec%97%b0%ea%b5%ac%ec%9b%90-%ea%b2%bd%ec%a0%9c%ed%95%b5%eb%ac%b4%eb%a0%a5%ea%b1%b4%ec%84%a4%eb%b3%91%ec%a7%84%eb%a1%9c%ec%84%a0-3%eb%8f%90-%ec%83%81%eb%b3%b4,
https://kcnawatch.org/newstream/263605/%c2%b7%ec%9e%ac%ec%a4%91%eb%8f%99%ed%8f%ac%ec%a1%b0%ec%a7%81%eb%93%a4-%ea%b3%b5%ed%99%94%ea%b5%ad%ec%9d%98-%ed%95%b5%ed%83%84%eb%91%90%ed%8f%ad%eb%b0%9c%ec%8b%9c%ed%97%98%ec%84%b1%ea%b3%b5-%ec%b6%95,
https://kcnawatch.org/newstream/1544884289-204429619/%c2%b7%ec%a1%b0%ec%84%a0%ec%a4%91%ec%95%99%ed%86%b5%ec%8b%a0%ec%82%ac-%eb%a1%a0%ed%8f%89-%eb%af%b8%ea%b5%ad%ec%9d%98-%ec%84%a0%ec%a0%9c%ed%83%80%ea%b2%a9%eb%b0%a9%ec%95%88%ea%b2%80%ed%86%a0%ec%97%90,
https://kcnawatch.org/newstream/272620/%c2%b7%ec%a1%b0%ec%84%a0%ec%a0%95%eb%b6%80-%eb%b9%84%eb%a7%9d%eb%a1%9d-%eb%b3%91%ec%a7%84%ec%9d%98-%ea%b8%b0%ec%b9%98%eb%94%b0%eb%9d%bc-%ea%b0%95%ec%84%b1%eb%b2%88%ec%98%81-%ed%96%a5%ed%95%b4%eb%82%98,
https://kcnawatch.org/newstream/274605/%c2%b7%ec%a1%b0%ec%84%a0%ec%a4%91%ec%95%99%ed%86%b5%ec%8b%a0%ec%82%ac-%eb%b3%b4%eb%8f%84-%eb%8b%b9%eb%8c%80%ed%9a%8c%ec%9d%b4%ed%9b%84-%ec%82%ac%ed%9a%8c%ec%a3%bc%ec%9d%98%ea%b0%95%ea%b5%ad%ea%b1%b4,
https://kcnawatch.org/newstream/278458/%c2%b7%ec%a0%95%ec%9d%98%ec%9d%98-%ed%95%b5%eb%a7%88%ec%b9%98%eb%a1%9c-%ed%8f%ad%ec%a0%9c%ec%9d%98-%ed%95%b5-%eb%ac%b4%ec%9e%90%eb%b9%84%ed%95%98%ea%b2%8c-%eb%82%b4%eb%a0%a4%ec%b9%a0%ea%b2%83/,
https://kcnawatch.org/newstream/279655/%c2%b7%ea%b9%80%ec%a0%95%ec%9d%80%ec%9c%84%ec%9b%90%ec%9e%a5-%ed%95%b5%eb%ac%b4%ea%b8%b0%eb%b3%91%ea%b8%b0%ed%99%94%ec%82%ac%ec%97%85-%ec%a7%80%eb%8f%84,
https://kcnawatch.org/newstream/282439/%c2%b7%ed%8f%89%ed%99%94%ec%98%b9%ed%98%b8%ec%9c%84-%eb%b6%81%ec%b9%a8%ed%95%b5%ec%a0%84%ec%9f%81%ec%97%90-%eb%b0%95%ec%b0%a8-%ea%b0%80%ed%95%98%eb%8a%94-%eb%af%b8%ea%b5%ad%eb%82%a8%ec%a1%b0%ec%84%a0,
https://kcnawatch.org/newstream/284179/%c2%b7%ec%a0%9c8%ec%b0%a8-%ea%b5%b0%ec%88%98%ea%b3%b5%ec%97%85%eb%8c%80%ed%9a%8c-%ea%b0%9c%eb%a7%89-%ea%b9%80%ec%a0%95%ec%9d%80%ec%9c%84%ec%9b%90%ec%9e%a5-%ec%b0%b8%ec%84%9d,
https://kcnawatch.org/newstream/284210/%c2%b7%ec%a0%9c8%ec%b0%a8-%ea%b5%b0%ec%88%98%ea%b3%b5%ec%97%85%eb%8c%80%ed%9a%8c-%ed%8e%98%eb%a7%89-%ea%b9%80%ec%a0%95%ec%9d%80%ec%9c%84%ec%9b%90%ec%9e%a5%ea%bb%98%ec%84%9c-%ea%b2%b0%eb%a1%a0,
https://kcnawatch.org/newstream/1513585833-939684389/구멍뚫린-방패，가련한-제국/,
https://kcnawatch.org/newstream/1648444855-420802120/%ec%a1%b0%ec%84%a0%ec%a4%91%ec%95%99%ed%86%b5%ec%8b%a0%ec%82%ac-%ec%83%81%eb%b3%b4-%ec%a1%b0%eb%af%b8%eb%8c%80%ea%b2%b0%ec%9d%98-%ec%a3%bc%eb%8f%84%ea%b6%8c%ec%9d%80-%ec%9a%b0%eb%a6%ac-%ec%86%90,
https://kcnawatch.org/newstream/1649205950-599612239/%ea%b9%80%ec%97%ac%ec%a0%95%eb%b6%80%eb%b6%80%ec%9e%a5-%eb%82%a8%ec%a1%b0%ec%84%a0%ec%9d%b4-%ea%b5%b0%ec%82%ac%ed%96%89%eb%8f%99%ec%97%90-%eb%82%98%ec%84%a0%eb%8b%a4%eb%a9%b4-%ed%95%b5%eb%ac%b4,
https://kcnawatch.org/newstream/1665469948-957847160/%ea%b9%80%ec%a0%95%ec%9d%80%ec%b4%9d%eb%b9%84%ec%84%9c-%ec%a1%b0%ec%84%a0%ec%9d%b8%eb%af%bc%ea%b5%b0-%ec%a0%84%ec%88%a0%ed%95%b5%ec%9a%b4%ec%9a%a9%eb%b6%80%eb%8c%80%eb%93%a4%ec%9d%98-%ea%b5%b0,
https://kcnawatch.org/newstream/1671771912-600770912/%ea%b5%ad%ea%b0%80%eb%b0%a9%ec%9c%84%eb%a0%a5%ea%b0%95%ed%99%94%eb%b0%9c%ec%a0%84%ec%97%90%ec%84%9c-%ec%9d%b4%eb%a3%a9%eb%90%9c-%ec%98%ac%ed%95%b4%ec%9d%98-%ec%82%ac%eb%b3%80%ec%a0%81%ec%84%b1,
https://kcnawatch.org/newstream/1679704271-724705258/%ec%a4%91%ec%9a%94%eb%ac%b4%ea%b8%b0%ec%8b%9c%ed%97%98%ea%b3%bc-%ec%a0%84%eb%9e%b5%ec%a0%81%eb%aa%a9%ec%a0%81%ec%9d%98-%eb%b0%9c%ec%82%ac%ed%9b%88%eb%a0%a8-%ea%b9%80%ec%a0%95%ec%9d%80%ec%b4%9d,
https://kcnawatch.org/newstream/1680067876-433723264/%ec%a4%91%eb%b6%80%ec%a0%84%ec%84%a0%ec%9d%98-%eb%af%b8%ec%8b%b8%ec%9d%bc%eb%b6%80%eb%8c%80%ec%97%90%ec%84%9c-%ec%8b%9c%ed%97%98%ea%b5%90%ec%9c%a1%ec%82%ac%ea%b2%a9%ed%9b%88%eb%a0%a8/,
https://kcnawatch.org/newstream/1680500809-865597948/%ec%a1%b0%ec%84%a0%ec%a4%91%ec%95%99%ed%86%b5%ec%8b%a0%ec%82%ac-%eb%a1%a0%ed%8f%89-%eb%af%b8%ea%b5%ad%ea%b3%bc-%eb%82%a8%ec%a1%b0%ec%84%a0%ec%9d%98-%ea%b5%b0%ec%82%ac%ec%a0%81%eb%a7%8c%eb%8f%99/,
https://kcnawatch.org/newstream/1680587260-805701988/%ec%97%ac%eb%9f%ac-%eb%82%98%eb%9d%bc-%ec%9d%b8%ec%82%ac%eb%93%a4%ec%9d%b4-%ea%b9%80%ec%a0%95%ec%9d%80%ec%b4%9d%eb%b9%84%ec%84%9c%ec%9d%98-%eb%a0%b9%eb%8f%84-%ea%b2%a9%ec%b0%ac/,
https://kcnawatch.org/newstream/1680828445-169782258/%ea%b5%ad%ec%a0%9c%ec%95%88%eb%b3%b4%eb%ac%b8%ec%a0%9c%ed%8f%89%eb%a1%a0%ea%b0%80-%eb%af%b8%ea%b5%ad%ec%9d%bc%eb%b3%b8%eb%82%a8%ec%a1%b0%ec%84%a0-%eb%a0%a8%ed%95%a9%ed%95%b4%ec%83%81%ed%9b%88/,
https://kcnawatch.org/newstream/1680916000-474064591/%ea%b5%ad%ec%a0%9c%eb%ac%b8%ec%a0%9c%ed%8f%89%eb%a1%a0%ea%b0%80-%e3%80%8a%ec%98%a4%ec%bb%a4%ec%8a%a4%e3%80%8b%eb%8a%94-%ed%95%b5%ec%a0%84%ed%8c%8c%eb%b0%a9%ec%a7%80%ec%a0%9c%eb%8f%84-%ed%97%88/,
https://kcnawatch.org/newstream/1680916001-168662481/%eb%a1%9c%eb%8f%99%ea%b3%84%ea%b8%89%ea%b3%bc-%ec%a7%81%eb%a7%b9%ec%9b%90%eb%93%a4%ec%9d%98-%eb%b0%98%eb%af%b8%eb%8c%80%eb%82%a8-%eb%b3%b5%ec%88%98%ea%b2%b0%ec%9d%98%eb%aa%a8%ec%9e%84/,
https://kcnawatch.org/newstream/1681088720-266937095/%ed%95%b5%eb%ac%b4%ec%9d%b8%ec%88%98%ec%a4%91%ea%b3%b5%ea%b2%a9%ec%a0%95-%e3%80%8a%ed%95%b4%ec%9d%bc-2%e3%80%8b%ed%98%95-%ed%88%ac%ec%9e%85-%ec%88%98%ec%a4%91%ec%a0%84%eb%9e%b5%eb%ac%b4%ea%b8%b0/,
https://kcnawatch.org/newstream/1681715149-304776295/%ea%b9%80%ec%a0%95%ec%9d%80%ec%b4%9d%eb%b9%84%ec%84%9c-%ec%a0%84%eb%9e%b5%eb%ac%b4%eb%a0%a5%ea%b0%95%ed%99%94-%ea%b3%b5%ed%97%8c-%ea%b5%ad%eb%b0%a9%ea%b3%bc%ed%95%99%ec%97%b0%ea%b5%ac%eb%b6%80/,
https://kcnawatch.org/newstream/1681715150-242608896/%ec%8b%a0%ed%98%95%eb%8c%80%eb%a5%99%ea%b0%84%ed%83%84%eb%8f%84%eb%af%b8%ec%8b%b8%ec%9d%bc-%e3%80%8a%ed%99%94%ec%84%b1%ed%8f%ac-18%e3%80%8b%ed%98%95-%ec%8b%9c%ed%97%98%eb%b0%9c%ec%82%ac-%ea%b9%80/,
https://kcnawatch.org/newstream/1681781552-532837192/%eb%a6%ac%eb%b3%91%ec%b2%a0%eb%b9%84%ec%84%9c-%eb%af%b8%ea%b5%ad%ec%9d%98-%ec%9c%a0%ec%97%94%ec%95%88%eb%b3%b4%eb%a6%ac-%ea%b3%b5%ea%b0%9c%ed%9a%8c%ec%9d%98-%ec%86%8c%ec%a7%91%ec%97%90-%ea%b0%95/,
https://kcnawatch.org/newstream/1681968778-358861358/%ea%b9%80%ec%a0%95%ec%9d%80%ec%b4%9d%eb%b9%84%ec%84%9c-%ea%b5%ad%ea%b0%80%ec%9a%b0%ec%a3%bc%ea%b0%9c%eb%b0%9c%ea%b5%ad-%ed%98%84%ec%a7%80%ec%a7%80%eb%8f%84/,
https://kcnawatch.org/newstream/1682135262-302172971/%ec%b5%9c%ec%84%a0%ed%9d%ac%ec%99%b8%eb%ac%b4%ec%83%81-g7%ec%99%b8%eb%ac%b4%ec%83%81-%e3%80%8a%ea%b3%b5%eb%8f%99%ec%84%b1%eb%aa%85%e3%80%8b-%eb%b9%84%eb%82%9c/,
https://kcnawatch.org/newstream/1682905640-180552071/%ec%a1%b0%ec%84%a0%ec%a4%91%ec%95%99%ed%86%b5%ec%8b%a0%ec%82%ac-%eb%a1%a0%ed%8f%89-%eb%82%a8%ec%a1%b0%ec%84%a0%ea%b4%b4%eb%a2%b0%eb%93%a4%ec%9d%98-%ec%9c%84%ed%97%98%ec%b2%9c%eb%a7%8c%ed%95%9c/,
https://kcnawatch.org/newstream/1682990170-183284406/%ea%b5%ad%ec%a0%9c%ec%95%88%eb%b3%b4%eb%ac%b8%ec%a0%9c%ed%8f%89%eb%a1%a0%ea%b0%80-%eb%af%b8%ec%a0%84%eb%9e%b5%ed%95%b5%ec%9e%a0%ec%88%98%ed%95%a8%e3%80%8a%ec%a0%81%eb%b2%95%ec%84%b1%e3%80%8b%ec%9d%80/,
https://kcnawatch.org/newstream/1683852432-440543094/%ec%97%ac%eb%9f%ac-%eb%82%98%eb%9d%bc-%ec%9d%b8%ec%82%ac%eb%93%a4-%ec%9e%90%ec%9c%84%ec%a0%81%ed%95%b5%ea%b0%95%ea%b5%ad%ec%9d%98-%ea%b8%b0%ec%83%81%ec%9d%80-%eb%8d%94-%eb%86%92%ec%9d%b4-%eb%96%a8/,
https://kcnawatch.org/newstream/1684544737-527783657/%eb%81%8a%ec%9e%84%ec%97%86%ec%9d%b4-%ea%b0%90%ed%96%89%eb%90%98%eb%8a%94-%ec%a0%84%ec%9f%81%eb%8f%84%eb%b0%9c%ec%b1%85%eb%8f%99%ec%9d%98-%eb%81%9d%ec%9d%80-%ec%96%b4%eb%94%94%ec%9d%b8%ea%b0%80/,
