세계 앞,badge
핵보유국 전렬,badge
핵보유국 지위,badge
핵강국 전렬,badge
당당 핵보유국,badge
최 첨단 핵,badge
세기 기적,badge
국가 핵무력 완성,badge
힘 대결,badge
동방 핵강국,badge
자랑 스럽,badge
세상,badge
신뢰,badge
세계 핵,badge
조미 대결,badge
당황,badge
힘찬 진군,badge
공화국 핵무력,badge
정의 핵억제력,badge
기술 우세,badge
힘 대결,badge
대결 시대,badge
전략 지위,badge
놀라,badge
식,badge
초 강도,badge
위력,badge
무진 막강,badge
핵반격,sword
가하,sword
전쟁 밖에,sword
핵핵,sword
민족 생명,sword
핵전투,sword
핵타격 무장,sword
핵공격 태세,sword
핵선제 타격 권,sword
섬멸 포문,sword
전멸,sword
종국 파멸,sword
핵공격 능력,sword
핵무력 강화,sword
경고,sword
전투태세,sword
핵보검,sword
전투준비태세,sword
조미 핵대결 전,sword
전쟁 상태,sword
막,sword
자멸,sword
교전 관계,sword
보복 타격,sword
주체 무기,sword
위력 보검,sword
장검,sword
정밀 핵타격 수단,sword
생존,shield
대조 서 핵선제 공격,shield
미국 핵선제공격,shield
방패,shield
핵선제 공격,shield
핵위협 가증,shield
핵악몽,shield
미국 핵전쟁 도발,shield
미국 핵전쟁 도발 책동,shield
외부 핵위협,shield
평화 수호,shield
정당방위,shield
반핵,shield
평화 핵,shield
핵선제공격 대상,shield
핵전쟁 위협,shield
침략 정책,shield
북침 핵전쟁 연습,shield
핵전쟁 발발,shield
핵위협 공갈,shield
방위력,shield
불장난,shield
평화 환경,shield
자위,shield
핵전쟁 책동,shield
생존권,shield
평화 보장,shield
위협 당하,shield
핵재난,shield
전쟁 ᆼ,shield
